{"coef": [[0.03449498833514065, 33.723857908343476, 0.013628492995215995, 0.015922065179341582, 0.04540453895564915]], "intercept": -3.2347372649655695}